Path *,Title *,Source ID,Description,Author,Language,License ID *,License Description,Copyright Holder,Thumbnail
Sample Channel/Math,Math,,,,,,,,
Sample Channel/Math/Counting,Counting,,Learn how to count!,,,,,,
Sample Channel/Math/Counting/Counting Dots.pdf,Counting Dots,counting-dots,Starting with the basics,,en,CC BY-NC-SA,,Illustrative Mathematics,
Sample Channel/Math/Addition,Addition,,Learn the basics of adding numbers together,,,,,,Sample Channel/Math/Addition/addition.png
Sample Channel/Math/Addition/Adding Numbers.mp4,Introduction to Addition,adding-numbers,,Sal Khan,en,CC BY-NC-SA,,Khan Academy,Sample Channel/Math/Addition/addition.png
Sample Channel/Science,Science,,,,,,,,Sample Channel/Science/thumbnail.png
Sample Channel/Science/Introduction.mp3,Introduction to Science,introduction-to-science,Welcome to science,F. Herrera,en,CC BY-ND,,Los Angeles Trade Technical College,